# timestamp,resident_bytes,total_bytes,system_millis,user_millis
1619786465381,2482176,10117120,0,0
1619786465699,2482176,10117120,0,0
1619786465963,2482176,10117120,0,0
1619786466247,2482176,10117120,0,0
1619786466492,2482176,10117120,0,0
1619786466739,2482176,10117120,0,0
1619786467009,2482176,10117120,0,0
1619786467277,2482176,10117120,0,0
1619786467546,2482176,10117120,0,0
1619786467788,2482176,10117120,0,0
1619786468076,2482176,10117120,0,0
1619786468336,2482176,10117120,0,0
1619786468617,2482176,10117120,0,0
1619786468878,2482176,10117120,0,0
1619786469136,2482176,10117120,0,0
1619786469393,2482176,10117120,0,0
1619786469652,2482176,10117120,0,0
1619786469892,2482176,10117120,0,0
1619786470135,2482176,10117120,0,0
1619786470402,2482176,10117120,0,0
1619786470670,2482176,10117120,0,0
1619786470924,2482176,10117120,0,0
1619786471195,2482176,10117120,0,0
1619786471452,2482176,10117120,0,0
1619786471712,2482176,10117120,0,0
1619786471957,2482176,10117120,0,0
1619786472209,2482176,10117120,0,0
1619786472451,2482176,10117120,0,0
1619786472691,2482176,10117120,0,0
1619786472930,2482176,10117120,0,0
1619786473172,2482176,10117120,0,0
1619786473414,2482176,10117120,0,0
1619786473657,2482176,10117120,0,0
1619786473920,2482176,10117120,0,0
1619786474176,2482176,10117120,0,0
1619786474452,2482176,10117120,0,0
1619786474729,2482176,10117120,0,0
1619786474979,2482176,10117120,0,0
1619786475240,2482176,10117120,0,0
1619786475485,2482176,10117120,0,0
1619786475749,2482176,10117120,0,0
1619786476014,2482176,10117120,0,0
1619786476285,2482176,10117120,0,0
1619786476551,2482176,10117120,0,0
1619786476818,2482176,10117120,0,0
1619786477131,2482176,10117120,0,0
1619786477446,2482176,10117120,0,0
1619786477765,2482176,10117120,0,0
1619786478031,2482176,10117120,0,0
1619786478296,2482176,10117120,0,0
1619786478562,2482176,10117120,0,0
1619786478828,2482176,10117120,0,0
1619786479069,2482176,10117120,0,0
1619786479336,2482176,10117120,0,0
1619786479601,2482176,10117120,0,0
1619786479870,2482176,10117120,0,0
1619786480158,2482176,10117120,0,0
1619786480471,2482176,10117120,0,0
1619786480738,2482176,10117120,0,0
1619786481054,2482176,10117120,0,0
1619786481322,2482176,10117120,0,0
1619786481578,2482176,10117120,0,0
1619786481882,2482176,10117120,0,0
1619786482189,2482176,10117120,0,0
1619786482506,2482176,10117120,0,0
1619786482820,2482176,10117120,0,0
1619786483145,2482176,10117120,0,0
1619786483424,2482176,10117120,0,0
1619786483689,2482176,10117120,0,0
1619786483942,2482176,10117120,0,0
1619786484206,2482176,10117120,0,0
1619786484473,2482176,10117120,0,0
1619786484751,2482176,10117120,0,0
1619786485062,2482176,10117120,0,0
1619786485348,2482176,10117120,0,0
1619786485647,2482176,10117120,0,0
1619786485958,2482176,10117120,0,0
1619786486221,2482176,10117120,0,0
1619786486518,2482176,10117120,0,0
1619786486830,2482176,10117120,0,0
1619786487150,2482176,10117120,0,0
1619786487460,2482176,10117120,0,0
1619786487700,2482176,10117120,0,0
1619786488007,2482176,10117120,0,0
1619786488273,2482176,10117120,0,0
1619786488539,2482176,10117120,0,0
1619786488831,2482176,10117120,0,0
1619786489152,2482176,10117120,0,0
1619786489465,2482176,10117120,0,0
1619786489775,2482176,10117120,0,0
1619786490092,2482176,10117120,0,0
1619786490355,2482176,10117120,0,0
1619786490624,2482176,10117120,0,0
1619786490914,2482176,10117120,0,0
1619786491211,2482176,10117120,0,0
1619786491521,2482176,10117120,0,0
1619786491834,2482176,10117120,0,0
1619786492091,2482176,10117120,0,0
1619786492377,2482176,10117120,0,0
1619786492680,2482176,10117120,0,0
1619786492993,2482176,10117120,0,0
1619786493250,2482176,10117120,0,0
1619786493530,2482176,10117120,0,0
1619786493774,2482176,10117120,0,0
1619786494080,2482176,10117120,0,0
1619786494345,2482176,10117120,0,0
1619786494588,2482176,10117120,0,0
1619786494872,2482176,10117120,0,0
1619786495183,2482176,10117120,0,0
1619786495496,2482176,10117120,0,0
1619786495807,2482176,10117120,0,0
1619786496125,2482176,10117120,0,0
1619786496426,2482176,10117120,0,0
1619786496734,2482176,10117120,0,0
1619786497046,2482176,10117120,0,0
1619786497314,2482176,10117120,0,0
1619786497595,2482176,10117120,0,0
1619786497891,2482176,10117120,0,0
1619786498213,2482176,10117120,0,0
1619786498517,2482176,10117120,0,0
1619786498828,2482176,10117120,0,0
1619786499148,2482176,10117120,0,0
1619786499461,2482176,10117120,0,0
1619786499744,2482176,10117120,0,0
1619786500051,2482176,10117120,0,0
1619786500314,2482176,10117120,0,0
1619786500582,2482176,10117120,0,0
1619786500881,2482176,10117120,0,0
1619786501195,2482176,10117120,0,0
1619786501507,2482176,10117120,0,0
1619786501814,2482176,10117120,0,0
1619786502134,2482176,10117120,0,0
1619786502446,2482176,10117120,0,0
1619786502761,2482176,10117120,0,0
1619786503064,2482176,10117120,0,0
1619786503324,2482176,10117120,0,0
1619786503590,2482176,10117120,0,0
1619786503831,2482176,10117120,0,0
1619786504137,2482176,10117120,0,0
1619786504453,2482176,10117120,0,0
1619786504761,2482176,10117120,0,0
1619786505073,2482176,10117120,0,0
1619786505331,2482176,10117120,0,0
1619786505592,2482176,10117120,0,0
1619786505867,2482176,10117120,0,0
1619786506183,2482176,10117120,0,0
1619786506422,2482176,10117120,0,0
1619786506689,2482176,10117120,0,0
1619786506972,2482176,10117120,0,0
1619786507222,2482176,10117120,0,0
1619786507520,2482176,10117120,0,0
1619786507833,2482176,10117120,0,0
1619786508149,2482176,10117120,0,0
1619786508459,2482176,10117120,0,0
1619786508723,2482176,10117120,0,0
1619786508997,2482176,10117120,0,0
1619786509260,2482176,10117120,0,0
1619786509508,2482176,10117120,0,0
1619786509786,2482176,10117120,0,0
1619786510055,2482176,10117120,0,0
1619786510320,2482176,10117120,0,0
1619786510584,2482176,10117120,0,0
1619786510878,2482176,10117120,0,0
1619786511202,2482176,10117120,0,0
1619786511514,2482176,10117120,0,0
1619786511817,2482176,10117120,0,0
1619786512093,2482176,10117120,0,0
1619786512356,2482176,10117120,0,0
1619786512624,2482176,10117120,0,0
1619786512918,2482176,10117120,0,0
1619786513226,2482176,10117120,0,0
1619786513524,2482176,10117120,0,0
1619786513840,2482176,10117120,0,0
1619786514154,2482176,10117120,0,0
1619786514423,2482176,10117120,0,0
1619786514716,2482176,10117120,0,0
1619786515025,2482176,10117120,0,0
1619786515289,2482176,10117120,0,0
1619786515555,2482176,10117120,0,0
1619786515841,2482176,10117120,0,0
1619786516155,2482176,10117120,0,0
1619786516420,2482176,10117120,0,0
1619786516696,2482176,10117120,0,0
1619786516994,2482176,10117120,0,0
1619786517270,2482176,10117120,0,0
1619786517530,2482176,10117120,0,0
1619786517771,2482176,10117120,0,0
1619786518031,2482176,10117120,0,0
1619786518292,2482176,10117120,0,0
1619786518557,2482176,10117120,0,0
1619786518847,2482176,10117120,0,0
1619786519168,2482176,10117120,0,0
1619786519462,2482176,10117120,0,0
1619786519771,2482176,10117120,0,0
1619786520075,2482176,10117120,0,0
1619786520337,2482176,10117120,0,0
1619786520580,2482176,10117120,0,0
1619786520869,2482176,10117120,0,0
1619786521132,2482176,10117120,0,0
1619786521420,2482176,10117120,0,0
1619786521685,2482176,10117120,0,0
1619786521982,2482176,10117120,0,0
1619786522226,2482176,10117120,0,0
1619786522505,2482176,10117120,0,0
1619786522811,2482176,10117120,0,0
1619786523132,2482176,10117120,0,0
1619786523388,2482176,10117120,0,0
1619786523651,2482176,10117120,0,0
1619786523919,2482176,10117120,0,0
1619786524212,2482176,10117120,0,0
1619786524521,2482176,10117120,0,0
1619786524832,2482176,10117120,0,0
1619786525144,2482176,10117120,0,0
1619786525385,2482176,10117120,0,0
1619786525655,2482176,10117120,0,0
1619786525943,2482176,10117120,0,0
1619786526235,2482176,10117120,0,0
1619786526531,2482176,10117120,0,0
1619786526804,2482176,10117120,0,0
1619786527070,2482176,10117120,0,0
1619786527361,2482176,10117120,0,0
1619786527671,2482176,10117120,0,0
1619786527981,2482176,10117120,0,0
1619786528268,2482176,10117120,0,0
1619786528511,2482176,10117120,0,0
1619786528822,2482176,10117120,0,0
1619786529090,2482176,10117120,0,0
1619786529367,2482176,10117120,0,0
1619786529666,2482176,10117120,0,0
1619786529981,2482176,10117120,0,0
1619786530248,2482176,10117120,0,0
1619786530512,2482176,10117120,0,0
1619786530785,2482176,10117120,0,0
1619786531028,2482176,10117120,0,0
1619786531292,2482176,10117120,0,0
1619786531574,2482176,10117120,0,0
1619786531819,2482176,10117120,0,0
1619786532149,2482176,10117120,0,0
1619786532407,2482176,10117120,0,0
1619786532666,2482176,10117120,0,0
1619786532937,2482176,10117120,0,0
1619786533192,2482176,10117120,0,0
1619786533456,2482176,10117120,0,0
1619786533728,2482176,10117120,0,0
1619786533991,2482176,10117120,0,0
1619786534250,2482176,10117120,0,0
1619786534540,2482176,10117120,0,0
1619786534796,2482176,10117120,0,0
1619786535082,2482176,10117120,0,0
1619786535345,2482176,10117120,0,0
1619786535612,2482176,10117120,0,0
1619786535901,2482176,10117120,0,0
1619786536214,2482176,10117120,0,0
1619786536528,2482176,10117120,0,0
1619786536839,2482176,10117120,0,0
1619786537103,2482176,10117120,0,0
1619786537368,2482176,10117120,0,0
1619786537634,2482176,10117120,0,0
1619786537925,2482176,10117120,0,0
1619786538176,2482176,10117120,0,0
1619786538448,2482176,10117120,0,0
1619786538759,2482176,10117120,0,0
1619786539017,2482176,10117120,0,0
1619786539278,2482176,10117120,0,0
1619786539573,2482176,10117120,0,0
1619786539886,2482176,10117120,0,0
1619786540146,2482176,10117120,0,0
1619786540447,2482176,10117120,0,0
1619786540751,2482176,10117120,0,0
1619786541063,2482176,10117120,0,0
1619786541358,2482176,10117120,0,0
1619786541665,2482176,10117120,0,0
1619786541976,2482176,10117120,0,0
1619786542280,2482176,10117120,0,0
1619786542593,2482176,10117120,0,0
1619786542903,2482176,10117120,0,0
1619786543217,2482176,10117120,0,0
1619786543530,2482176,10117120,0,0
1619786543842,2482176,10117120,0,0
1619786544155,2482176,10117120,0,0
1619786544420,2482176,10117120,0,0
1619786544693,2482176,10117120,0,0
1619786545000,2482176,10117120,0,0
1619786545310,2482176,10117120,0,0
1619786545621,2482176,10117120,0,0
1619786545931,2482176,10117120,0,0
1619786546182,2482176,10117120,0,0
1619786546421,2482176,10117120,0,0
1619786546699,2482176,10117120,0,0
1619786547004,2482176,10117120,0,0
1619786547310,2482176,10117120,0,0
1619786547620,2482176,10117120,0,0
1619786547934,2482176,10117120,0,0
1619786548249,2482176,10117120,0,0
1619786548561,2482176,10117120,0,0
1619786548873,2482176,10117120,0,0
1619786549182,2482176,10117120,0,0
1619786549454,2482176,10117120,0,0
1619786549747,2482176,10117120,0,0
1619786550055,2482176,10117120,0,0
1619786550308,2482176,10117120,0,0
1619786550593,2482176,10117120,0,0
1619786550901,2482176,10117120,0,0
1619786551216,2482176,10117120,0,0
1619786551530,2482176,10117120,0,0
1619786551839,2482176,10117120,0,0
1619786552151,2482176,10117120,0,0
1619786552408,2482176,10117120,0,0
1619786552673,2482176,10117120,0,0
1619786552952,2482176,10117120,0,0
1619786553264,2482176,10117120,0,0
1619786553576,2482176,10117120,0,0
1619786553888,2482176,10117120,0,0
1619786554204,2482176,10117120,0,0
1619786554504,2482176,10117120,0,0
1619786554816,2482176,10117120,0,0
1619786555130,2482176,10117120,0,0
1619786555385,2482176,10117120,0,0
1619786555649,2482176,10117120,0,0
1619786555918,2482176,10117120,0,0
1619786556228,2482176,10117120,0,0
1619786556510,2482176,10117120,0,0
1619786556824,2482176,10117120,0,0
1619786557136,2482176,10117120,0,0
1619786557410,2482176,10117120,0,0
1619786557710,2482176,10117120,0,0
1619786558021,2482176,10117120,0,0
1619786558306,2482176,10117120,0,0
1619786558611,2482176,10117120,0,0
1619786558922,2482176,10117120,0,0
1619786559235,2482176,10117120,0,0
1619786559549,2482176,10117120,0,0
1619786559855,2482176,10117120,0,0
1619786560167,2482176,10117120,0,0
1619786560428,2482176,10117120,0,0
1619786560691,2482176,10117120,0,0
1619786560977,2482176,10117120,0,0
1619786561232,2482176,10117120,0,0
1619786561538,2482176,10117120,0,0
1619786561846,2482176,10117120,0,0
1619786562160,2482176,10117120,0,0
1619786562427,2482176,10117120,0,0
1619786562721,2482176,10117120,0,0
1619786563023,2482176,10117120,0,0
1619786563268,2482176,10117120,0,0
1619786563509,2482176,10117120,0,0
1619786563777,2482176,10117120,0,0
1619786564068,2482176,10117120,0,0
1619786564333,2482176,10117120,0,0
1619786564629,2482176,10117120,0,0
1619786564939,2482176,10117120,0,0
1619786565256,2482176,10117120,0,0
1619786565566,2482176,10117120,0,0
1619786565878,2482176,10117120,0,0
1619786566190,2482176,10117120,0,0
1619786566471,2482176,10117120,0,0
1619786566776,2482176,10117120,0,0
1619786567087,2482176,10117120,0,0
1619786567356,2482176,10117120,0,0
1619786567662,2482176,10117120,0,0
1619786567973,2482176,10117120,0,0
1619786568214,2482176,10117120,0,0
1619786568497,2482176,10117120,0,0
1619786568798,2482176,10117120,0,0
1619786569109,2482176,10117120,0,0
1619786569391,2482176,10117120,0,0
1619786569691,2482176,10117120,0,0
1619786570003,2482176,10117120,0,0
1619786570315,2482176,10117120,0,0
1619786570623,2482176,10117120,0,0
1619786570932,2482176,10117120,0,0
1619786571248,2482176,10117120,0,0
1619786571538,2482176,10117120,0,0
1619786571844,2482176,10117120,0,0
1619786572158,2482176,10117120,0,0
1619786572417,2482176,10117120,0,0
1619786572680,2482176,10117120,0,0
1619786572964,2482176,10117120,0,0
1619786573279,2482176,10117120,0,0
1619786573589,2482176,10117120,0,0
1619786573867,2482176,10117120,0,0
1619786574161,2482176,10117120,0,0
1619786574422,2482176,10117120,0,0
1619786574690,2482176,10117120,0,0
1619786574980,2482176,10117120,0,0
1619786575223,2482176,10117120,0,0
1619786575516,2482176,10117120,0,0
1619786575827,2482176,10117120,0,0
1619786576137,2482176,10117120,0,0
1619786576404,2482176,10117120,0,0
1619786576674,2482176,10117120,0,0
1619786576971,2482176,10117120,0,0
1619786577292,2482176,10117120,0,0
1619786577543,2482176,10117120,0,0
1619786577852,2482176,10117120,0,0
1619786578165,2482176,10117120,0,0
1619786578470,2482176,10117120,0,0
1619786578776,2482176,10117120,0,0
1619786579088,2482176,10117120,0,0
1619786579349,2482176,10117120,0,0
1619786579615,2482176,10117120,0,0
1619786579911,2482176,10117120,0,0
1619786580222,2482176,10117120,0,0
1619786580489,2482176,10117120,0,0
1619786580765,2482176,10117120,0,0
1619786581069,2482176,10117120,0,0
1619786581339,2482176,10117120,0,0
1619786581634,2482176,10117120,0,0
1619786581941,2482176,10117120,0,0
1619786582253,2482176,10117120,0,0
1619786582564,2482176,10117120,0,0
1619786582875,2482176,10117120,0,0
1619786583185,2482176,10117120,0,0
1619786583480,2482176,10117120,0,0
1619786583785,2482176,10117120,0,0
1619786584094,2482176,10117120,0,0
1619786584394,2482176,10117120,0,0
1619786584703,2482176,10117120,0,0
1619786584994,2482176,10117120,0,0
1619786585313,2482176,10117120,0,0
1619786585622,2482176,10117120,0,0
1619786585932,2482176,10117120,0,0
1619786586246,2482176,10117120,0,0
1619786586533,2482176,10117120,0,0
1619786586822,2482176,10117120,0,0
1619786587134,2482176,10117120,0,0
1619786587392,2482176,10117120,0,0
1619786587665,2482176,10117120,0,0
1619786587964,2482176,10117120,0,0
1619786588229,2482176,10117120,0,0
1619786588525,2482176,10117120,0,0
1619786588836,2482176,10117120,0,0
1619786589147,2482176,10117120,0,0
1619786589436,2482176,10117120,0,0
1619786589743,2482176,10117120,0,0
1619786590054,2482176,10117120,0,0
1619786590345,2482176,10117120,0,0
1619786590652,2482176,10117120,0,0
1619786590962,2482176,10117120,0,0
1619786591273,2482176,10117120,0,0
1619786591585,2482176,10117120,0,0
1619786591895,2482176,10117120,0,0
1619786592206,2482176,10117120,0,0
1619786592473,2482176,10117120,0,0
1619786592763,2482176,10117120,0,0
1619786593056,2482176,10117120,0,0
1619786593367,2482176,10117120,0,0
1619786593677,2482176,10117120,0,0
1619786593986,2482176,10117120,0,0
1619786594304,2482176,10117120,0,0
1619786594561,2482176,10117120,0,0
1619786594873,2482176,10117120,0,0
1619786595186,2482176,10117120,0,0
1619786595446,2482176,10117120,0,0
1619786595733,2482176,10117120,0,0
1619786596045,2482176,10117120,0,0
1619786596356,2482176,10117120,0,0
1619786596605,2482176,10117120,0,0
1619786596870,2482176,10117120,0,0
1619786597123,2482176,10117120,0,0
1619786597366,2482176,10117120,0,0
1619786597617,2482176,10117120,0,0
1619786597865,2482176,10117120,0,0
1619786598113,2482176,10117120,0,0
1619786598365,2482176,10117120,0,0
1619786598625,2482176,10117120,0,0
1619786598888,2482176,10117120,0,0
1619786599127,2482176,10117120,0,0
1619786599369,2482176,10117120,0,0
1619786599608,2482176,10117120,0,0
1619786599864,2482176,10117120,0,0
1619786600106,2482176,10117120,0,0
1619786600367,2482176,10117120,0,0
1619786600634,2482176,10117120,0,0
1619786600895,2482176,10117120,0,0
1619786601133,2482176,10117120,0,0
1619786601399,2482176,10117120,0,0
1619786601659,2482176,10117120,0,0
1619786601918,2482176,10117120,0,0
1619786602179,2482176,10117120,0,0
1619786602438,2482176,10117120,0,0
1619786602703,2482176,10117120,0,0
1619786602957,2482176,10117120,0,0
1619786603198,2482176,10117120,0,0
1619786603438,2482176,10117120,0,0
1619786603680,2482176,10117120,0,0
1619786603932,2482176,10117120,0,0
1619786604196,2482176,10117120,0,0
1619786604464,2482176,10117120,0,0
1619786604720,2482176,10117120,0,0
1619786604979,2482176,10117120,0,0
1619786605243,2482176,10117120,0,0
1619786605483,2482176,10117120,0,0
1619786605725,2482176,10117120,0,0
1619786605967,2482176,10117120,0,0
1619786606210,2482176,10117120,0,0
1619786606488,2482176,10117120,0,0
1619786606729,2482176,10117120,0,0
1619786606972,2482176,10117120,0,0
1619786607211,2482176,10117120,0,0
1619786607450,2482176,10117120,0,0
1619786607709,2482176,10117120,0,0
1619786607971,2482176,10117120,0,0
1619786608248,2482176,10117120,0,0
1619786608512,2482176,10117120,0,0
1619786608757,2482176,10117120,0,0
1619786609013,2482176,10117120,0,0
1619786609280,2482176,10117120,0,0
1619786609543,2482176,10117120,0,0
1619786609808,2482176,10117120,0,0
1619786610053,2482176,10117120,0,0
1619786610314,2482176,10117120,0,0
1619786610575,2482176,10117120,0,0
1619786610836,2482176,10117120,0,0
1619786611097,2482176,10117120,0,0
1619786611360,2482176,10117120,0,0
1619786611615,2482176,10117120,0,0
1619786611858,2482176,10117120,0,0
1619786612097,2482176,10117120,0,0
1619786612336,2482176,10117120,0,0
1619786612599,2482176,10117120,0,0
1619786612865,2482176,10117120,0,0
1619786613130,2482176,10117120,0,0
1619786613368,2482176,10117120,0,0
1619786613629,2482176,10117120,0,0
1619786613907,2482176,10117120,0,0
1619786614160,2482176,10117120,0,0
1619786614423,2482176,10117120,0,0
1619786614685,2482176,10117120,0,0
1619786614948,2482176,10117120,0,0
1619786615193,2482176,10117120,0,0
1619786615456,2482176,10117120,0,0
1619786615714,2482176,10117120,0,0
1619786615980,2482176,10117120,0,0
1619786616244,2482176,10117120,0,0
1619786616490,2482176,10117120,0,0
1619786616754,2482176,10117120,0,0
1619786617021,2482176,10117120,0,0
1619786617285,2482176,10117120,0,0
1619786617553,2482176,10117120,0,0
1619786617849,2482176,10117120,0,0
1619786618088,2482176,10117120,0,0
1619786618343,2482176,10117120,0,0
1619786618595,2482176,10117120,0,0
1619786618847,2482176,10117120,0,0
1619786619098,2482176,10117120,0,0
1619786619358,2482176,10117120,0,0
1619786619598,2482176,10117120,0,0
1619786619861,2482176,10117120,0,0
1619786620128,2482176,10117120,0,0
1619786620368,2482176,10117120,0,0
1619786620607,2482176,10117120,0,0
1619786620849,2482176,10117120,0,0
1619786621094,2482176,10117120,0,0
1619786621343,2482176,10117120,0,0
1619786621584,2482176,10117120,0,0
1619786621824,2482176,10117120,0,0
1619786622068,2482176,10117120,0,0
1619786622309,2482176,10117120,0,0
1619786622565,2482176,10117120,0,0
1619786622827,2482176,10117120,0,0
1619786623087,2482176,10117120,0,0
1619786623346,2482176,10117120,0,0
1619786623609,2482176,10117120,0,0
1619786623873,2482176,10117120,0,0
1619786624124,2482176,10117120,0,0
1619786624362,2482176,10117120,0,0
1619786624604,2482176,10117120,0,0
1619786624849,2482176,10117120,0,0
1619786625087,2482176,10117120,0,0
1619786625334,2482176,10117120,0,0
1619786625574,2482176,10117120,0,0
1619786625839,2482176,10117120,0,0
1619786626092,2482176,10117120,0,0
1619786626332,2482176,10117120,0,0
1619786626572,2482176,10117120,0,0
1619786626814,2482176,10117120,0,0
1619786627072,2482176,10117120,0,0
1619786627315,2482176,10117120,0,0
1619786627575,2482176,10117120,0,0
1619786627841,2482176,10117120,0,0
1619786628105,2482176,10117120,0,0
1619786628344,2482176,10117120,0,0
1619786628583,2482176,10117120,0,0
1619786628822,2482176,10117120,0,0
1619786629079,2482176,10117120,0,0
1619786629314,2482176,10117120,0,0
1619786629547,2482176,10117120,0,0
1619786629773,2482176,10117120,0,0
1619786629999,2482176,10117120,0,0
1619786630226,2482176,10117120,0,0
1619786630483,2482176,10117120,0,0
1619786630715,2482176,10117120,0,0
1619786630939,2482176,10117120,0,0
1619786631163,2482176,10117120,0,0
1619786631388,2482176,10117120,0,0
1619786631612,2482176,10117120,0,0
1619786631874,2482176,10117120,0,0
1619786632101,2482176,10117120,0,0
1619786632327,2482176,10117120,0,0
1619786632552,2482176,10117120,0,0
1619786632785,2482176,10117120,0,0
1619786633009,2482176,10117120,0,0
1619786633247,2482176,10117120,0,0
1619786633509,2482176,10117120,0,0
1619786633770,2482176,10117120,0,0
1619786633996,2482176,10117120,0,0
1619786634264,2482176,10117120,0,0
1619786634505,2482176,10117120,0,0
1619786634729,2482176,10117120,0,0
1619786634996,2482176,10117120,0,0
1619786635220,2482176,10117120,0,0
1619786635447,2482176,10117120,0,0
1619786635673,2482176,10117120,0,0
1619786635923,2482176,10117120,0,0
1619786636185,2482176,10117120,0,0
1619786636410,2482176,10117120,0,0
1619786636635,2482176,10117120,0,0
1619786636861,2482176,10117120,0,0
1619786637096,2482176,10117120,0,0
1619786637330,2482176,10117120,0,0
1619786637565,2482176,10117120,0,0
1619786637796,2482176,10117120,0,0
1619786638051,2482176,10117120,0,0
1619786638277,2482176,10117120,0,0
1619786638501,2482176,10117120,0,0
1619786638727,2482176,10117120,0,0
1619786638952,2482176,10117120,0,0
1619786639177,2482176,10117120,0,0
1619786639421,2482176,10117120,0,0
1619786639679,2482176,10117120,0,0
1619786639926,2482176,10117120,0,0
1619786640151,2482176,10117120,0,0
1619786640412,2482176,10117120,0,0
1619786640650,2482176,10117120,0,0
1619786640881,2482176,10117120,0,0
1619786641121,2482176,10117120,0,0
1619786641348,2482176,10117120,0,0
1619786641574,2482176,10117120,0,0
1619786641798,2482176,10117120,0,0
1619786642022,2482176,10117120,0,0
1619786642244,2482176,10117120,0,0
1619786642499,2482176,10117120,0,0
1619786642732,2482176,10117120,0,0
1619786642960,2482176,10117120,0,0
1619786643185,2482176,10117120,0,0
1619786643412,2482176,10117120,0,0
1619786643639,2482176,10117120,0,0
1619786643885,2482176,10117120,0,0
1619786644138,2482176,10117120,0,0
1619786644362,2482176,10117120,0,0
1619786644589,2482176,10117120,0,0
1619786644816,2482176,10117120,0,0
1619786645042,2482176,10117120,0,0
1619786645267,2482176,10117120,0,0
1619786645520,2482176,10117120,0,0
1619786645782,2482176,10117120,0,0
1619786646011,2482176,10117120,0,0
1619786646250,2482176,10117120,0,0
1619786646494,2482176,10117120,0,0
1619786646732,2482176,10117120,0,0
1619786646956,2482176,10117120,0,0
1619786647195,2482176,10117120,0,0
1619786647424,2482176,10117120,0,0
1619786647650,2482176,10117120,0,0
1619786647908,2482176,10117120,0,0
1619786648170,2482176,10117120,0,0
1619786648419,2482176,10117120,0,0
1619786648682,2482176,10117120,0,0
1619786648943,2482176,10117120,0,0
1619786649203,2482176,10117120,0,0
1619786649437,2482176,10117120,0,0
1619786649679,2482176,10117120,0,0
1619786649945,2482176,10117120,0,0
1619786650205,2482176,10117120,0,0
1619786650464,2482176,10117120,0,0
1619786650689,2482176,10117120,0,0
1619786650949,2482176,10117120,0,0
1619786651174,2482176,10117120,0,0
1619786651436,2482176,10117120,0,0
1619786651659,2482176,10117120,0,0
1619786651922,2482176,10117120,0,0
1619786652183,2482176,10117120,0,0
1619786652445,2482176,10117120,0,0
1619786652670,2482176,10117120,0,0
1619786652934,2482176,10117120,0,0
1619786653199,2482176,10117120,0,0
1619786653465,2482176,10117120,0,0
1619786653691,2482176,10117120,0,0
1619786653949,2482176,10117120,0,0
1619786654194,2482176,10117120,0,0
1619786654458,2482176,10117120,0,0
1619786654716,2482176,10117120,0,0
1619786654942,2482176,10117120,0,0
1619786655205,2482176,10117120,0,0
1619786655430,2482176,10117120,0,0
1619786655690,2482176,10117120,0,0
1619786655926,2482176,10117120,0,0
1619786656190,2482176,10117120,0,0
1619786656424,2482176,10117120,0,0
1619786656686,2482176,10117120,0,0
1619786656927,2482176,10117120,0,0
1619786657194,2482176,10117120,0,0
1619786657452,2482176,10117120,0,0
1619786657709,2482176,10117120,0,0
1619786657933,2482176,10117120,0,0
1619786658160,2482176,10117120,0,0
1619786658422,2482176,10117120,0,0
1619786658687,2482176,10117120,0,0
1619786658951,2482176,10117120,0,0
1619786659224,2482176,10117120,0,0
1619786659489,2482176,10117120,0,0
1619786659770,2482176,10117120,0,0
1619786660073,2482176,10117120,0,0
1619786660297,2482176,10117120,0,0
1619786660561,2482176,10117120,0,0
1619786660826,2482176,10117120,0,0
1619786661109,2482176,10117120,0,0
1619786661338,2482176,10117120,0,0
1619786661577,2482176,10117120,0,0
1619786661804,2482176,10117120,0,0
1619786662070,2482176,10117120,0,0
1619786662295,2482176,10117120,0,0
1619786662524,2482176,10117120,0,0
1619786662749,2482176,10117120,0,0
1619786662989,2482176,10117120,0,0
1619786663251,2482176,10117120,0,0
1619786663516,2482176,10117120,0,0
1619786663778,2482176,10117120,0,0
1619786664043,2482176,10117120,0,0
1619786664270,2482176,10117120,0,0
1619786664501,2482176,10117120,0,0
1619786664761,2482176,10117120,0,0
1619786665024,2482176,10117120,0,0
1619786665284,2482176,10117120,0,0
1619786665549,2482176,10117120,0,0
1619786665810,2482176,10117120,0,0
1619786666070,2482176,10117120,0,0
1619786666296,2482176,10117120,0,0
1619786666523,2482176,10117120,0,0
1619786666757,2482176,10117120,0,0
1619786667017,2482176,10117120,0,0
1619786667275,2482176,10117120,0,0
1619786667499,2482176,10117120,0,0
1619786667725,2482176,10117120,0,0
1619786667953,2482176,10117120,0,0
1619786668214,2482176,10117120,0,0
1619786668474,2482176,10117120,0,0
1619786668722,2482176,10117120,0,0
1619786668947,2482176,10117120,0,0
1619786669172,2482176,10117120,0,0
1619786669433,2482176,10117120,0,0
1619786669694,2482176,10117120,0,0
1619786669920,2482176,10117120,0,0
1619786670177,2482176,10117120,0,0
1619786670439,2482176,10117120,0,0
1619786670680,2482176,10117120,0,0
1619786670942,2482176,10117120,0,0
1619786671216,2482176,10117120,0,0
1619786671474,2482176,10117120,0,0
1619786671738,2482176,10117120,0,0
1619786672003,2482176,10117120,0,0
1619786672229,2482176,10117120,0,0
1619786672491,2482176,10117120,0,0
1619786672756,2482176,10117120,0,0
1619786673035,2482176,10117120,0,0
1619786673287,2482176,10117120,0,0
1619786673551,2482176,10117120,0,0
1619786673812,2482176,10117120,0,0
1619786674037,2482176,10117120,0,0
1619786674300,2482176,10117120,0,0
1619786674525,2482176,10117120,0,0
1619786674788,2482176,10117120,0,0
1619786675050,2482176,10117120,0,0
1619786675277,2482176,10117120,0,0
1619786675540,2482176,10117120,0,0
1619786675804,2482176,10117120,0,0
1619786676067,2482176,10117120,0,0
1619786676298,2482176,10117120,0,0
1619786676556,2482176,10117120,0,0
1619786676819,2482176,10117120,0,0
1619786677048,2482176,10117120,0,0
1619786677313,2482176,10117120,0,0
1619786677541,2482176,10117120,0,0
1619786677805,2482176,10117120,0,0
1619786678039,2482176,10117120,0,0
1619786678304,2482176,10117120,0,0
1619786678559,2482176,10117120,0,0
1619786678814,2482176,10117120,0,0
1619786679067,2482176,10117120,0,0
1619786679305,2482176,10117120,0,0
1619786679573,2482176,10117120,0,0
1619786679798,2482176,10117120,0,0
1619786680024,2482176,10117120,0,0
1619786680253,2482176,10117120,0,0
1619786680477,2482176,10117120,0,0
1619786680702,2482176,10117120,0,0
1619786680925,2482176,10117120,0,0
1619786681148,2482176,10117120,0,0
1619786681375,2482176,10117120,0,0
1619786681600,2482176,10117120,0,0
1619786681857,2482176,10117120,0,0
1619786682118,2482176,10117120,0,0
1619786682346,2482176,10117120,0,0
1619786682587,2482176,10117120,0,0
1619786682845,2482176,10117120,0,0
1619786683069,2482176,10117120,0,0
1619786683331,2482176,10117120,0,0
1619786683591,2482176,10117120,0,0
1619786683853,2482176,10117120,0,0
1619786684128,2482176,10117120,0,0
1619786684388,2482176,10117120,0,0
1619786684643,2482176,10117120,0,0
1619786684907,2482176,10117120,0,0
1619786685131,2482176,10117120,0,0
1619786685356,2482176,10117120,0,0
1619786685582,2482176,10117120,0,0
1619786685809,2482176,10117120,0,0
1619786686035,2482176,10117120,0,0
1619786686267,2482176,10117120,0,0
1619786686492,2482176,10117120,0,0
1619786686756,2482176,10117120,0,0
1619786686981,2482176,10117120,0,0
1619786687205,2482176,10117120,0,0
1619786687468,2482176,10117120,0,0
1619786687692,2482176,10117120,0,0
1619786687958,2482176,10117120,0,0
1619786688197,2482176,10117120,0,0
1619786688422,2482176,10117120,0,0
1619786688648,2482176,10117120,0,0
1619786688876,2482176,10117120,0,0
1619786689102,2482176,10117120,0,0
1619786689363,2482176,10117120,0,0
1619786689628,2482176,10117120,0,0
1619786689890,2482176,10117120,0,0
1619786690151,2482176,10117120,0,0
1619786690376,2482176,10117120,0,0
1619786690637,2482176,10117120,0,0
1619786690863,2482176,10117120,0,0
1619786691093,2482176,10117120,0,0
1619786691317,2482176,10117120,0,0
1619786691559,2482176,10117120,0,0
1619786691812,2482176,10117120,0,0
1619786692067,2482176,10117120,0,0
1619786692299,2482176,10117120,0,0
1619786692547,2482176,10117120,0,0
1619786692809,2482176,10117120,0,0
1619786693071,2482176,10117120,0,0
1619786693297,2482176,10117120,0,0
1619786693560,2482176,10117120,0,0
1619786693784,2482176,10117120,0,0
1619786694014,2482176,10117120,0,0
1619786694241,2482176,10117120,0,0
1619786694467,2482176,10117120,0,0
1619786694712,2482176,10117120,0,0
1619786694940,2482176,10117120,0,0
1619786695168,2482176,10117120,0,0
1619786695395,2482176,10117120,0,0
1619786695653,2482176,10117120,0,0
1619786695878,2482176,10117120,0,0
1619786696132,2482176,10117120,0,0
1619786696387,2482176,10117120,0,0
1619786696646,2482176,10117120,0,0
1619786696911,2482176,10117120,0,0
1619786697162,2482176,10117120,0,0
1619786697422,2482176,10117120,0,0
1619786697647,2482176,10117120,0,0
1619786697874,2482176,10117120,0,0
1619786698099,2482176,10117120,0,0
1619786698356,2482176,10117120,0,0
1619786698620,2482176,10117120,0,0
1619786698870,2482176,10117120,0,0
1619786699134,2482176,10117120,0,0
1619786699371,2482176,10117120,0,0
1619786699598,2482176,10117120,0,0
1619786699824,2482176,10117120,0,0
1619786700048,2482176,10117120,0,0
1619786700276,2482176,10117120,0,0
1619786700503,2482176,10117120,0,0
1619786700728,2482176,10117120,0,0
1619786700953,2482176,10117120,0,0
1619786701181,2482176,10117120,0,0
1619786701442,2482176,10117120,0,0
1619786701668,2482176,10117120,0,0
1619786701928,2482176,10117120,0,0
1619786702194,2482176,10117120,0,0
1619786702422,2482176,10117120,0,0
1619786702664,2482176,10117120,0,0
1619786702928,2482176,10117120,0,0
1619786703194,2482176,10117120,0,0
1619786703457,2482176,10117120,0,0
1619786703720,2482176,10117120,0,0
1619786703991,2482176,10117120,0,0
1619786704280,2482176,10117120,0,0
1619786704546,2482176,10117120,0,0
1619786704837,2482176,10117120,0,0
1619786705144,2482176,10117120,0,0
1619786705387,2482176,10117120,0,0
1619786705621,2482176,10117120,0,0
1619786705847,2482176,10117120,0,0
1619786706070,2482176,10117120,0,0
1619786706294,2482176,10117120,0,0
1619786706569,2482176,10117120,0,0
1619786706823,2482176,10117120,0,0
1619786707082,2482176,10117120,0,0
1619786707344,2482176,10117120,0,0
1619786707598,2482176,10117120,0,0
1619786707856,2482176,10117120,0,0
1619786708116,2482176,10117120,0,0
1619786708342,2482176,10117120,0,0
1619786708566,2482176,10117120,0,0
1619786708803,2482176,10117120,0,0
1619786709058,2482176,10117120,0,0
1619786709297,2482176,10117120,0,0
1619786709551,2482176,10117120,0,0
1619786709777,2482176,10117120,0,0
1619786710005,2482176,10117120,0,0
1619786710247,2482176,10117120,0,0
1619786710500,2482176,10117120,0,0
1619786710758,2482176,10117120,0,0
1619786711010,2482176,10117120,0,0
1619786711271,2482176,10117120,0,0
1619786711539,2482176,10117120,0,0
1619786711775,2482176,10117120,0,0
1619786712022,2482176,10117120,0,0
1619786712283,2482176,10117120,0,0
1619786712557,2482176,10117120,0,0
1619786712816,2482176,10117120,0,0
1619786713075,2482176,10117120,0,0
1619786713334,2482176,10117120,0,0
1619786713596,2482176,10117120,0,0
1619786713874,2482176,10117120,0,0
1619786714104,2482176,10117120,0,0
1619786714352,2482176,10117120,0,0
1619786714591,2482176,10117120,0,0
1619786714857,2482176,10117120,0,0
1619786715109,2482176,10117120,0,0
1619786715372,2482176,10117120,0,0
1619786715600,2482176,10117120,0,0
1619786715853,2482176,10117120,0,0
1619786716097,2482176,10117120,0,0
1619786716363,2482176,10117120,0,0
1619786716626,2482176,10117120,0,0
1619786716883,2482176,10117120,0,0
1619786717141,2482176,10117120,0,0
1619786717406,2482176,10117120,0,0
1619786717658,2482176,10117120,0,0
1619786717922,2482176,10117120,0,0
1619786718153,2482176,10117120,0,0
1619786718419,2482176,10117120,0,0
1619786718644,2482176,10117120,0,0
1619786718869,2482176,10117120,0,0
1619786719093,2482176,10117120,0,0
1619786719355,2482176,10117120,0,0
1619786719580,2482176,10117120,0,0
1619786719805,2482176,10117120,0,0
1619786720064,2482176,10117120,0,0
1619786720323,2482176,10117120,0,0
1619786720584,2482176,10117120,0,0
1619786720848,2482176,10117120,0,0
1619786721109,2482176,10117120,0,0
1619786721374,2482176,10117120,0,0
1619786721633,2482176,10117120,0,0
1619786721897,2482176,10117120,0,0
1619786722174,2482176,10117120,0,0
1619786722478,2482176,10117120,0,0
1619786722705,2482176,10117120,0,0
1619786722961,2482176,10117120,0,0
1619786723227,2482176,10117120,0,0
1619786723486,2482176,10117120,0,0
1619786723751,2482176,10117120,0,0
1619786724026,2482176,10117120,0,0
1619786724257,2482176,10117120,0,0
1619786724518,2482176,10117120,0,0
1619786724780,2482176,10117120,0,0
1619786725041,2482176,10117120,0,0
1619786725304,2482176,10117120,0,0
1619786725568,2482176,10117120,0,0
1619786725826,2482176,10117120,0,0
1619786726087,2482176,10117120,0,0
1619786726353,2482176,10117120,0,0
1619786726601,2482176,10117120,0,0
1619786726847,2482176,10117120,0,0
1619786727113,2482176,10117120,0,0
1619786727382,2482176,10117120,0,0
1619786727649,2482176,10117120,0,0
1619786727894,2482176,10117120,0,0
1619786728155,2482176,10117120,0,0
1619786728382,2482176,10117120,0,0
1619786728641,2482176,10117120,0,0
1619786728906,2482176,10117120,0,0
1619786729170,2482176,10117120,0,0
1619786729476,2482176,10117120,0,0
1619786729735,2482176,10117120,0,0
1619786729993,2482176,10117120,0,0
1619786730257,2482176,10117120,0,0
1619786730481,2482176,10117120,0,0
1619786730744,2482176,10117120,0,0
1619786730970,2482176,10117120,0,0
1619786731195,2482176,10117120,0,0
1619786731453,2482176,10117120,0,0
1619786731678,2482176,10117120,0,0
1619786731905,2482176,10117120,0,0
1619786732131,2482176,10117120,0,0
1619786732355,2482176,10117120,0,0
1619786732580,2482176,10117120,0,0
1619786732840,2482176,10117120,0,0
1619786733103,2482176,10117120,0,0
1619786733367,2482176,10117120,0,0
1619786733631,2482176,10117120,0,0
1619786733882,2482176,10117120,0,0
1619786734112,2482176,10117120,0,0
1619786734339,2482176,10117120,0,0
1619786734603,2482176,10117120,0,0
1619786734828,2482176,10117120,0,0
1619786735054,2482176,10117120,0,0
1619786735316,2482176,10117120,0,0
1619786735554,2482176,10117120,0,0
1619786735778,2482176,10117120,0,0
1619786736042,2482176,10117120,0,0
1619786736266,2482176,10117120,0,0
1619786736525,2482176,10117120,0,0
1619786736757,2482176,10117120,0,0
1619786736991,2482176,10117120,0,0
1619786737222,2482176,10117120,0,0
1619786737471,2482176,10117120,0,0
1619786737733,2482176,10117120,0,0
1619786737991,2482176,10117120,0,0
1619786738215,2482176,10117120,0,0
1619786738475,2482176,10117120,0,0
1619786738740,2482176,10117120,0,0
1619786739003,2482176,10117120,0,0
1619786739265,2482176,10117120,0,0
1619786739519,2482176,10117120,0,0
1619786739788,2482176,10117120,0,0
1619786740012,2482176,10117120,0,0
1619786740269,2482176,10117120,0,0
1619786740528,2482176,10117120,0,0
1619786740788,2482176,10117120,0,0
1619786741050,2482176,10117120,0,0
1619786741312,2482176,10117120,0,0
1619786741577,2482176,10117120,0,0
1619786741804,2482176,10117120,0,0
1619786742069,2482176,10117120,0,0
1619786742334,2482176,10117120,0,0
1619786742599,2482176,10117120,0,0
1619786742869,2482176,10117120,0,0
1619786743151,2482176,10117120,0,0
1619786743421,2482176,10117120,0,0
1619786743717,2482176,10117120,0,0
1619786744033,2482176,10117120,0,0
1619786744260,2482176,10117120,0,0
1619786744516,2482176,10117120,0,0
1619786744780,2482176,10117120,0,0
1619786745041,2482176,10117120,0,0
1619786745305,2482176,10117120,0,0
1619786745566,2482176,10117120,0,0
1619786745832,2482176,10117120,0,0
1619786746123,2482176,10117120,0,0
1619786746400,2482176,10117120,0,0
1619786746624,2482176,10117120,0,0
1619786746850,2482176,10117120,0,0
1619786747111,2482176,10117120,0,0
1619786747368,2482176,10117120,0,0
1619786747630,2482176,10117120,0,0
1619786747903,2482176,10117120,0,0
1619786748206,2482176,10117120,0,0
1619786748518,2482176,10117120,0,0
1619786748743,2482176,10117120,0,0
1619786749016,2482176,10117120,0,0
1619786749258,2482176,10117120,0,0
1619786749485,2482176,10117120,0,0
1619786749712,2482176,10117120,0,0
1619786749935,2482176,10117120,0,0
1619786750164,2482176,10117120,0,0
1619786750393,2482176,10117120,0,0
1619786750624,2482176,10117120,0,0
1619786750849,2482176,10117120,0,0
1619786751086,2482176,10117120,0,0
1619786751334,2482176,10117120,0,0
1619786751573,2482176,10117120,0,0
1619786751815,2482176,10117120,0,0
1619786752041,2482176,10117120,0,0
1619786752297,2482176,10117120,0,0
1619786752557,2482176,10117120,0,0
1619786752822,2482176,10117120,0,0
1619786753094,2482176,10117120,0,0
1619786753384,2482176,10117120,0,0
1619786753613,2482176,10117120,0,0
1619786753857,2482176,10117120,0,0
1619786754121,2482176,10117120,0,0
1619786754384,2482176,10117120,0,0
1619786754649,2482176,10117120,0,0
1619786754916,2482176,10117120,0,0
1619786755144,2482176,10117120,0,0
1619786755369,2482176,10117120,0,0
1619786755596,2482176,10117120,0,0
1619786755860,2482176,10117120,0,0
1619786756112,2482176,10117120,0,0
1619786756360,2482176,10117120,0,0
1619786756585,2482176,10117120,0,0
1619786756809,2482176,10117120,0,0
1619786757039,2482176,10117120,0,0
1619786757300,2482176,10117120,0,0
1619786757525,2482176,10117120,0,0
1619786757752,2482176,10117120,0,0
1619786757980,2482176,10117120,0,0
1619786758205,2482176,10117120,0,0
1619786758454,2482176,10117120,0,0
1619786758680,2482176,10117120,0,0
1619786758905,2482176,10117120,0,0
1619786759132,2482176,10117120,0,0
1619786759394,2482176,10117120,0,0
1619786759619,2482176,10117120,0,0
1619786759882,2482176,10117120,0,0
1619786760145,2482176,10117120,0,0
1619786760370,2482176,10117120,0,0
1619786760635,2482176,10117120,0,0
1619786760898,2482176,10117120,0,0
1619786761125,2482176,10117120,0,0
1619786761388,2482176,10117120,0,0
1619786761613,2482176,10117120,0,0
1619786761877,2482176,10117120,0,0
1619786762102,2482176,10117120,0,0
1619786762327,2482176,10117120,0,0
1619786762554,2482176,10117120,0,0
1619786762781,2482176,10117120,0,0
1619786763008,2482176,10117120,0,0
1619786763245,2482176,10117120,0,0
1619786763503,2482176,10117120,0,0
1619786763762,2482176,10117120,0,0
1619786764025,2482176,10117120,0,0
1619786764250,2482176,10117120,0,0
1619786764511,2482176,10117120,0,0
1619786764736,2482176,10117120,0,0
1619786764963,2482176,10117120,0,0
1619786765191,2482176,10117120,0,0
1619786765420,2482176,10117120,0,0
1619786765648,2482176,10117120,0,0
1619786765876,2482176,10117120,0,0
1619786766104,2482176,10117120,0,0
1619786766332,2482176,10117120,0,0
1619786766591,2482176,10117120,0,0
1619786766855,2482176,10117120,0,0
1619786767125,2482176,10117120,0,0
1619786767404,2482176,10117120,0,0
1619786767665,2482176,10117120,0,0
1619786767930,2482176,10117120,0,0
1619786768193,2482176,10117120,0,0
1619786768459,2482176,10117120,0,0
1619786768684,2482176,10117120,0,0
1619786768911,2482176,10117120,0,0
1619786769135,2482176,10117120,0,0
1619786769359,2482176,10117120,0,0
1619786769584,2482176,10117120,0,0
1619786769812,2482176,10117120,0,0
1619786770072,2482176,10117120,0,0
1619786770298,2482176,10117120,0,0
1619786770523,2482176,10117120,0,0
1619786770783,2482176,10117120,0,0
1619786771030,2482176,10117120,0,0
1619786771265,2482176,10117120,0,0
1619786771491,2482176,10117120,0,0
1619786771753,2482176,10117120,0,0
1619786772015,2482176,10117120,0,0
1619786772240,2482176,10117120,0,0
1619786772464,2482176,10117120,0,0
1619786772689,2482176,10117120,0,0
1619786772950,2